symboling,normalized-losses,make,num-of-doors,body-style,drive-wheels,engine-location,wheel-base,length,width,height,curb-weight,engine-type,num-of-cylinders,engine-size,fuel-system,bore,stroke,compression-ratio,horsepower,peak-rpm,city-mpg,highway-mpg,price,horsepower-binned,IsFuelDiesel,IsFuelGas,std,turbo
3,122,alfa-romero,two,convertible,rwd,front,88.6,-0.4383150689245084,64.1,48.8,2548,dohc,four,130,mpfi,3.47,2.68,9.0,111,5000.0,11.19047619047619,27,13495.0,Low,0,1,1,0
3,122,alfa-romero,two,convertible,rwd,front,88.6,-0.4383150689245084,64.1,48.8,2548,dohc,four,130,mpfi,3.47,2.68,9.0,111,5000.0,11.19047619047619,27,16500.0,Low,0,1,1,0
1,122,alfa-romero,two,hatchback,rwd,front,94.5,-0.24354426084677908,65.5,52.4,2823,ohcv,six,152,mpfi,2.68,3.47,9.0,154,5000.0,12.368421052631579,26,16500.0,Medium,0,1,1,0
2,164,audi,four,sedan,fwd,front,99.8,0.1946900573281152,66.2,54.3,2337,ohc,four,109,mpfi,3.19,3.4,10.0,102,5500.0,9.791666666666666,30,13950.0,Low,0,1,1,0
2,164,audi,four,sedan,4wd,front,99.4,0.1946900573281152,66.4,54.3,2824,ohc,five,136,mpfi,3.19,3.4,8.0,115,5500.0,13.055555555555555,22,17450.0,Low,0,1,1,0
2,122,audi,two,sedan,fwd,front,99.8,0.25149820968412145,66.3,53.1,2507,ohc,five,136,mpfi,3.19,3.4,8.5,110,5500.0,12.368421052631579,25,15250.0,Low,0,1,1,0
1,158,audi,four,sedan,fwd,front,105.8,1.5012775615162237,71.4,55.7,2844,ohc,five,136,mpfi,3.19,3.4,8.5,110,5500.0,12.368421052631579,25,17710.0,Low,0,1,1,0
1,122,audi,four,wagon,fwd,front,105.8,1.5012775615162237,71.4,55.7,2954,ohc,five,136,mpfi,3.19,3.4,8.5,110,5500.0,12.368421052631579,25,18920.0,Low,0,1,1,0
1,158,audi,four,sedan,fwd,front,105.8,1.5012775615162237,71.4,55.9,3086,ohc,five,131,mpfi,3.13,3.4,8.3,140,5500.0,13.823529411764707,20,23875.0,Medium,0,1,0,1
2,192,bmw,two,sedan,rwd,front,101.2,0.21092095800126018,64.8,54.3,2395,ohc,four,108,mpfi,3.5,2.8,8.8,101,5800.0,10.217391304347826,29,16430.0,Low,0,1,1,0
0,192,bmw,four,sedan,rwd,front,101.2,0.21092095800126018,64.8,54.3,2395,ohc,four,108,mpfi,3.5,2.8,8.8,101,5800.0,10.217391304347826,29,16925.0,Low,0,1,1,0
0,188,bmw,two,sedan,rwd,front,101.2,0.21092095800126018,64.8,54.3,2710,ohc,six,164,mpfi,3.31,3.19,9.0,121,4250.0,11.19047619047619,28,20970.0,Medium,0,1,1,0
0,188,bmw,four,sedan,rwd,front,101.2,0.21092095800126018,64.8,54.3,2765,ohc,six,164,mpfi,3.31,3.19,9.0,121,4250.0,11.19047619047619,28,21105.0,Medium,0,1,1,0
1,122,bmw,four,sedan,rwd,front,103.5,1.2010058990630559,66.9,55.7,3055,ohc,six,164,mpfi,3.31,3.19,9.0,121,4250.0,11.75,25,24565.0,Medium,0,1,1,0
0,122,bmw,four,sedan,rwd,front,103.5,1.2010058990630559,66.9,55.7,3230,ohc,six,209,mpfi,3.62,3.39,8.0,182,5400.0,14.6875,22,30760.0,Medium,0,1,1,0
0,122,bmw,two,sedan,rwd,front,103.5,1.5905475152185187,67.9,53.7,3380,ohc,six,209,mpfi,3.62,3.39,8.0,182,5400.0,14.6875,22,41315.0,Medium,0,1,1,0
0,122,bmw,four,sedan,rwd,front,110.0,1.8502419259888248,70.9,56.3,3505,ohc,six,209,mpfi,3.62,3.39,8.0,182,5400.0,15.666666666666666,20,36880.0,Medium,0,1,1,0
2,121,chevrolet,two,hatchback,fwd,front,88.4,-2.6862948121549843,60.3,53.2,1488,l,three,61,2bbl,2.91,3.03,9.5,48,5100.0,5.0,53,5151.0,Low,0,1,1,0
1,98,chevrolet,two,hatchback,fwd,front,94.5,-1.4852081623423103,63.6,52.0,1874,ohc,four,90,2bbl,3.03,3.11,9.6,70,5400.0,6.184210526315789,43,6295.0,Low,0,1,1,0
0,81,chevrolet,four,sedan,fwd,front,94.5,-1.24986010258172,63.6,52.0,1909,ohc,four,90,2bbl,3.03,3.11,9.6,70,5400.0,6.184210526315789,43,6575.0,Low,0,1,1,0
1,118,dodge,two,hatchback,fwd,front,93.7,-1.3715918576303014,63.8,50.8,1876,ohc,four,90,2bbl,2.97,3.23,9.41,68,5500.0,6.351351351351352,41,5572.0,Low,0,1,1,0
1,118,dodge,two,hatchback,fwd,front,93.7,-1.3715918576303014,63.8,50.8,1876,ohc,four,90,2bbl,2.97,3.23,9.4,68,5500.0,7.580645161290323,38,6377.0,Low,0,1,1,0
1,118,dodge,two,hatchback,fwd,front,93.7,-1.3715918576303014,63.8,50.8,2128,ohc,four,98,mpfi,3.03,3.39,7.6,102,5500.0,9.791666666666666,30,7957.0,Low,0,1,0,1
1,148,dodge,four,hatchback,fwd,front,93.7,-1.3715918576303014,63.8,50.6,1967,ohc,four,90,2bbl,2.97,3.23,9.4,68,5500.0,7.580645161290323,38,6229.0,Low,0,1,1,0
1,148,dodge,four,sedan,fwd,front,93.7,-1.3715918576303014,63.8,50.6,1989,ohc,four,90,2bbl,2.97,3.23,9.4,68,5500.0,7.580645161290323,38,6692.0,Low,0,1,1,0
1,148,dodge,four,sedan,fwd,front,93.7,-1.3715918576303014,63.8,50.6,1989,ohc,four,90,2bbl,2.97,3.23,9.4,68,5500.0,7.580645161290323,38,7609.0,Low,0,1,1,0
1,148,dodge,four,sedan,fwd,front,93.7,-1.3715918576303014,63.8,50.6,2191,ohc,four,98,mpfi,3.03,3.39,7.6,102,5500.0,9.791666666666666,30,8558.0,Low,0,1,0,1
-1,110,dodge,four,wagon,fwd,front,103.3,0.03238105059667251,64.6,59.8,2535,ohc,four,122,2bbl,3.34,3.46,8.5,88,5000.0,9.791666666666666,30,8921.0,Low,0,1,1,0
3,145,dodge,two,hatchback,fwd,front,95.9,-0.0812352541153382,66.3,50.2,2811,ohc,four,156,mfi,3.6,3.9,7.0,145,5000.0,12.368421052631579,24,12964.0,Medium,0,1,0,1
2,137,honda,two,hatchback,fwd,front,86.6,-2.4022540503749603,63.9,50.8,1713,ohc,four,92,1bbl,2.91,3.41,9.6,58,4800.0,4.795918367346939,54,6479.0,Low,0,1,1,0
2,137,honda,two,hatchback,fwd,front,86.6,-2.4022540503749603,63.9,50.8,1819,ohc,four,92,1bbl,2.91,3.41,9.2,76,6000.0,7.580645161290323,38,6855.0,Low,0,1,1,0
1,101,honda,two,hatchback,fwd,front,93.7,-1.9640197322000659,64.0,52.6,1837,ohc,four,79,1bbl,2.91,3.07,10.1,60,5500.0,6.184210526315789,42,5399.0,Low,0,1,1,0
1,101,honda,two,hatchback,fwd,front,93.7,-1.9640197322000659,64.0,52.6,1940,ohc,four,92,1bbl,2.91,3.41,9.2,76,6000.0,7.833333333333333,34,6529.0,Low,0,1,1,0
1,101,honda,two,hatchback,fwd,front,93.7,-1.9640197322000659,64.0,52.6,1956,ohc,four,92,1bbl,2.91,3.41,9.2,76,6000.0,7.833333333333333,34,7129.0,Low,0,1,1,0
0,110,honda,four,sedan,fwd,front,96.5,-0.8765493870994027,64.0,54.5,2010,ohc,four,92,1bbl,2.91,3.41,9.2,76,6000.0,7.833333333333333,34,7295.0,Low,0,1,1,0
0,78,honda,four,wagon,fwd,front,96.5,-1.3878227583034466,63.9,58.3,2024,ohc,four,92,1bbl,2.92,3.41,9.2,76,6000.0,7.833333333333333,34,7295.0,Low,0,1,1,0
0,106,honda,two,hatchback,fwd,front,96.5,-0.5438159232999467,65.2,53.3,2236,ohc,four,110,1bbl,3.15,3.58,9.0,86,5800.0,8.703703703703704,33,7895.0,Low,0,1,1,0
0,106,honda,two,hatchback,fwd,front,96.5,-0.5438159232999467,65.2,53.3,2289,ohc,four,110,1bbl,3.15,3.58,9.0,86,5800.0,8.703703703703704,33,9095.0,Low,0,1,1,0
0,85,honda,four,sedan,fwd,front,96.5,0.09730465328924946,65.2,54.1,2304,ohc,four,110,1bbl,3.15,3.58,9.0,86,5800.0,8.703703703703704,33,8845.0,Low,0,1,1,0
0,85,honda,four,sedan,fwd,front,96.5,0.09730465328924946,62.5,54.1,2372,ohc,four,110,1bbl,3.15,3.58,9.0,86,5800.0,8.703703703703704,33,10295.0,Low,0,1,1,0
0,85,honda,four,sedan,fwd,front,96.5,0.09730465328924946,65.2,54.1,2465,ohc,four,110,mpfi,3.15,3.58,9.0,101,5800.0,9.791666666666666,28,12945.0,Low,0,1,1,0
1,107,honda,two,sedan,fwd,front,96.5,-0.41396871791479456,66.0,51.0,2293,ohc,four,110,2bbl,3.15,3.58,9.1,100,5500.0,9.4,31,10345.0,Low,0,1,1,0
0,122,isuzu,four,sedan,rwd,front,94.3,-0.28412151252964035,61.8,53.5,2337,ohc,four,111,2bbl,3.31,3.23,8.5,78,4800.0,9.791666666666666,29,6785.0,Low,0,1,1,0
2,122,isuzu,two,hatchback,rwd,front,96.0,-0.12992795613477018,65.2,51.4,2734,ohc,four,119,spfi,3.43,3.23,9.2,90,5000.0,9.791666666666666,29,11048.0,Low,0,1,1,0
0,145,jaguar,four,sedan,rwd,front,113.0,2.061243634739699,69.6,52.8,4066,dohc,six,258,mpfi,3.63,4.17,8.1,176,4750.0,15.666666666666666,19,32250.0,Medium,0,1,1,0
0,122,jaguar,four,sedan,rwd,front,113.0,2.061243634739699,69.6,52.8,4066,dohc,six,258,mpfi,3.63,4.17,8.1,176,4750.0,15.666666666666666,19,35550.0,Medium,0,1,1,0
0,122,jaguar,two,sedan,rwd,front,102.0,1.4201230581505035,70.6,47.8,3950,ohcv,twelve,326,mpfi,3.54,2.76,11.5,262,5000.0,18.076923076923077,17,36000.0,High,0,1,1,0
1,104,mazda,two,hatchback,fwd,front,93.1,-1.225513751572004,64.2,54.1,1890,ohc,four,91,2bbl,3.03,3.15,9.0,68,5000.0,7.833333333333333,31,5195.0,Low,0,1,1,0
1,104,mazda,two,hatchback,fwd,front,93.1,-1.225513751572004,64.2,54.1,1900,ohc,four,91,2bbl,3.03,3.15,9.0,68,5000.0,7.580645161290323,38,6095.0,Low,0,1,1,0
1,104,mazda,two,hatchback,fwd,front,93.1,-1.225513751572004,64.2,54.1,1905,ohc,four,91,2bbl,3.03,3.15,9.0,68,5000.0,7.580645161290323,38,6795.0,Low,0,1,1,0
1,113,mazda,four,sedan,fwd,front,93.1,-0.6006240756559511,64.2,54.1,1945,ohc,four,91,2bbl,3.03,3.15,9.0,68,5000.0,7.580645161290323,38,6695.0,Low,0,1,1,0
1,113,mazda,four,sedan,fwd,front,93.1,-0.6006240756559511,64.2,54.1,1950,ohc,four,91,2bbl,3.08,3.15,9.0,68,5000.0,7.580645161290323,38,7395.0,Low,0,1,1,0
3,150,mazda,two,hatchback,rwd,front,95.3,-0.42208416825136524,65.7,49.6,2380,rotor,two,70,4bbl,3.3297512437810957,3.2554228855721337,9.4,101,6000.0,13.823529411764707,23,10945.0,Low,0,1,1,0
3,150,mazda,two,hatchback,rwd,front,95.3,-0.42208416825136524,65.7,49.6,2380,rotor,two,70,4bbl,3.3297512437810957,3.2554228855721337,9.4,101,6000.0,13.823529411764707,23,11845.0,Low,0,1,1,0
3,150,mazda,two,hatchback,rwd,front,95.3,-0.42208416825136524,65.7,49.6,2385,rotor,two,70,4bbl,3.3297512437810957,3.2554228855721337,9.4,101,6000.0,13.823529411764707,23,13645.0,Low,0,1,1,0
3,150,mazda,two,hatchback,rwd,front,95.3,-0.42208416825136524,65.7,49.6,2500,rotor,two,80,mpfi,3.3297512437810957,3.2554228855721337,9.4,135,6000.0,14.6875,23,15645.0,Medium,0,1,1,0
1,129,mazda,two,hatchback,fwd,front,98.8,0.2920754613669809,66.5,53.7,2385,ohc,four,122,2bbl,3.39,3.39,8.6,84,4800.0,9.038461538461538,32,8845.0,Low,0,1,1,0
0,115,mazda,four,sedan,fwd,front,98.8,0.2920754613669809,66.5,55.5,2410,ohc,four,122,2bbl,3.39,3.39,8.6,84,4800.0,9.038461538461538,32,8495.0,Low,0,1,1,0
1,129,mazda,two,hatchback,fwd,front,98.8,0.2920754613669809,66.5,53.7,2385,ohc,four,122,2bbl,3.39,3.39,8.6,84,4800.0,9.038461538461538,32,10595.0,Low,0,1,1,0
0,115,mazda,four,sedan,fwd,front,98.8,0.2920754613669809,66.5,55.5,2410,ohc,four,122,2bbl,3.39,3.39,8.6,84,4800.0,9.038461538461538,32,10245.0,Low,0,1,1,0
0,122,mazda,four,sedan,fwd,front,98.8,0.2920754613669809,66.5,55.5,2443,ohc,four,122,idi,3.39,3.39,22.7,64,4650.0,6.527777777777778,42,10795.0,Low,1,0,1,0
0,115,mazda,four,hatchback,fwd,front,98.8,0.2920754613669809,66.5,55.5,2425,ohc,four,122,2bbl,3.39,3.39,8.6,84,4800.0,9.038461538461538,32,11245.0,Low,0,1,1,0
0,118,mazda,four,sedan,rwd,front,104.9,0.06484285194296129,66.1,54.4,2670,ohc,four,140,mpfi,3.76,3.16,8.0,120,5000.0,12.368421052631579,27,18280.0,Medium,0,1,1,0
0,122,mazda,four,sedan,rwd,front,104.9,0.06484285194296129,66.1,54.4,2700,ohc,four,134,idi,3.43,3.64,22.0,72,4200.0,7.580645161290323,39,18344.0,Low,1,0,1,0
-1,93,mercedes-benz,four,sedan,rwd,front,110.0,1.3551994554579279,70.3,56.5,3515,ohc,five,183,idi,3.58,3.64,21.5,123,4350.0,10.681818181818182,25,25552.0,Medium,1,0,0,1
-1,93,mercedes-benz,four,wagon,rwd,front,110.0,1.3551994554579279,70.3,58.7,3750,ohc,five,183,idi,3.58,3.64,21.5,123,4350.0,10.681818181818182,25,28248.0,Medium,1,0,0,1
0,93,mercedes-benz,two,hardtop,rwd,front,106.7,1.0792741440144744,70.3,54.9,3495,ohc,five,183,idi,3.58,3.64,21.5,123,4350.0,10.681818181818182,25,28176.0,Medium,1,0,0,1
-1,93,mercedes-benz,four,sedan,rwd,front,115.6,2.3047071448368626,71.7,56.3,3770,ohc,five,183,idi,3.58,3.64,21.5,123,4350.0,10.681818181818182,25,31600.0,Medium,1,0,0,1
-1,122,mercedes-benz,four,sedan,rwd,front,115.6,2.3047071448368626,71.7,56.5,3740,ohcv,eight,234,mpfi,3.46,3.1,8.3,155,4750.0,14.6875,18,34184.0,Medium,0,1,1,0
3,142,mercedes-benz,two,convertible,rwd,front,96.6,0.49496171978128484,70.5,50.8,3685,ohcv,eight,234,mpfi,3.46,3.1,8.3,155,4750.0,14.6875,18,35056.0,Medium,0,1,1,0
0,122,mercedes-benz,four,sedan,rwd,front,120.9,2.751056913348329,71.7,56.7,3900,ohcv,eight,308,mpfi,3.8,3.35,8.0,184,4500.0,16.785714285714285,16,40960.0,Medium,0,1,1,0
1,122,mercedes-benz,two,hardtop,rwd,front,112.0,2.028781833393411,72.0,55.4,3715,ohcv,eight,304,mpfi,3.8,3.35,8.0,184,4500.0,16.785714285714285,16,45400.0,Medium,0,1,1,0
1,122,mercury,two,hatchback,rwd,front,102.7,0.3407681633864147,68.0,54.8,2910,ohc,four,140,mpfi,3.78,3.12,8.0,175,5000.0,12.368421052631579,24,16503.0,Medium,0,1,0,1
2,161,mitsubishi,two,hatchback,fwd,front,93.7,-1.3715918576303014,64.4,50.8,1918,ohc,four,92,2bbl,2.97,3.23,9.4,68,5500.0,6.351351351351352,41,5389.0,Low,0,1,1,0
2,161,mitsubishi,two,hatchback,fwd,front,93.7,-1.3715918576303014,64.4,50.8,1944,ohc,four,92,2bbl,2.97,3.23,9.4,68,5500.0,7.580645161290323,38,6189.0,Low,0,1,1,0
2,161,mitsubishi,two,hatchback,fwd,front,93.7,-1.3715918576303014,64.4,50.8,2004,ohc,four,92,2bbl,2.97,3.23,9.4,68,5500.0,7.580645161290323,38,6669.0,Low,0,1,1,0
1,161,mitsubishi,two,hatchback,fwd,front,93.0,-1.3715918576303014,63.8,50.8,2145,ohc,four,98,spdi,3.03,3.39,7.6,102,5500.0,9.791666666666666,30,7689.0,Low,0,1,0,1
3,153,mitsubishi,two,hatchback,fwd,front,96.3,-0.0974661547884817,65.4,49.4,2370,ohc,four,110,spdi,3.17,3.46,7.5,116,5500.0,10.217391304347826,30,9959.0,Low,0,1,0,1
3,153,mitsubishi,two,hatchback,fwd,front,96.3,-0.0974661547884817,65.4,49.4,2328,ohc,four,122,2bbl,3.35,3.46,8.5,88,5000.0,9.4,32,8499.0,Low,0,1,1,0
3,122,mitsubishi,two,hatchback,fwd,front,95.9,-0.0812352541153382,66.3,50.2,2833,ohc,four,156,spdi,3.58,3.86,7.0,145,5000.0,12.368421052631579,24,12629.0,Medium,0,1,0,1
3,122,mitsubishi,two,hatchback,fwd,front,95.9,-0.0812352541153382,66.3,50.2,2921,ohc,four,156,spdi,3.59,3.86,7.0,145,5000.0,12.368421052631579,24,14869.0,Medium,0,1,0,1
3,122,mitsubishi,two,hatchback,fwd,front,95.9,-0.0812352541153382,66.3,50.2,2926,ohc,four,156,spdi,3.59,3.86,7.0,145,5000.0,12.368421052631579,24,14489.0,Medium,0,1,0,1
1,125,mitsubishi,four,sedan,fwd,front,96.3,-0.14615885680791366,65.4,51.6,2365,ohc,four,122,2bbl,3.35,3.46,8.5,88,5000.0,9.4,32,6989.0,Low,0,1,1,0
1,125,mitsubishi,four,sedan,fwd,front,96.3,-0.14615885680791366,65.4,51.6,2405,ohc,four,122,2bbl,3.35,3.46,8.5,88,5000.0,9.4,32,8189.0,Low,0,1,1,0
1,125,mitsubishi,four,sedan,fwd,front,96.3,-0.14615885680791366,65.4,51.6,2403,ohc,four,110,spdi,3.17,3.46,7.5,116,5500.0,10.217391304347826,30,9279.0,Low,0,1,0,1
-1,137,mitsubishi,four,sedan,fwd,front,96.3,-0.14615885680791366,65.4,51.6,2403,ohc,four,110,spdi,3.17,3.46,7.5,116,5500.0,10.217391304347826,30,9279.0,Low,0,1,1,0
1,128,nissan,two,sedan,fwd,front,94.5,-0.7223558307045328,63.8,54.5,1889,ohc,four,97,2bbl,3.15,3.29,9.4,69,5200.0,7.580645161290323,37,5499.0,Low,0,1,1,0
1,128,nissan,two,sedan,fwd,front,94.5,-0.7223558307045328,63.8,54.5,2017,ohc,four,103,idi,2.99,3.47,21.9,55,4800.0,5.222222222222222,50,7099.0,Low,1,0,1,0
1,128,nissan,two,sedan,fwd,front,94.5,-0.7223558307045328,63.8,54.5,1918,ohc,four,97,2bbl,3.15,3.29,9.4,69,5200.0,7.580645161290323,37,6649.0,Low,0,1,1,0
1,122,nissan,four,sedan,fwd,front,94.5,-0.7223558307045328,63.8,54.5,1938,ohc,four,97,2bbl,3.15,3.29,9.4,69,5200.0,7.580645161290323,37,6849.0,Low,0,1,1,0
1,103,nissan,four,wagon,fwd,front,94.5,-0.3246987642125013,63.8,53.5,2024,ohc,four,97,2bbl,3.15,3.29,9.4,69,5200.0,7.580645161290323,37,7349.0,Low,0,1,1,0
1,128,nissan,two,sedan,fwd,front,94.5,-0.7223558307045328,63.8,54.5,1951,ohc,four,97,2bbl,3.15,3.29,9.4,69,5200.0,7.580645161290323,37,7299.0,Low,0,1,1,0
1,128,nissan,two,hatchback,fwd,front,94.5,-0.6980094796948169,63.8,53.3,2028,ohc,four,97,2bbl,3.15,3.29,9.4,69,5200.0,7.580645161290323,37,7799.0,Low,0,1,1,0
1,122,nissan,four,sedan,fwd,front,94.5,-0.7223558307045328,63.8,54.5,1971,ohc,four,97,2bbl,3.15,3.29,9.4,69,5200.0,7.580645161290323,37,7499.0,Low,0,1,1,0
1,103,nissan,four,wagon,fwd,front,94.5,-0.3246987642125013,63.8,53.5,2037,ohc,four,97,2bbl,3.15,3.29,9.4,69,5200.0,7.580645161290323,37,7999.0,Low,0,1,1,0
2,168,nissan,two,hardtop,fwd,front,95.1,-0.957703890465123,63.8,53.3,2008,ohc,four,97,2bbl,3.15,3.29,9.4,69,5200.0,7.580645161290323,37,8249.0,Low,0,1,1,0
0,106,nissan,four,hatchback,fwd,front,97.2,-0.0650043534421911,65.2,54.7,2324,ohc,four,120,2bbl,3.33,3.47,8.5,97,5200.0,8.703703703703704,34,8949.0,Low,0,1,1,0
0,106,nissan,four,sedan,fwd,front,97.2,-0.0650043534421911,65.2,54.7,2302,ohc,four,120,2bbl,3.33,3.47,8.5,97,5200.0,8.703703703703704,34,9549.0,Low,0,1,1,0
0,128,nissan,four,sedan,fwd,front,100.4,0.608578024493292,66.5,55.1,3095,ohcv,six,181,mpfi,3.43,3.27,9.0,152,5200.0,13.823529411764707,22,13499.0,Medium,0,1,1,0
0,108,nissan,four,wagon,fwd,front,100.4,0.843926084253884,66.5,56.1,3296,ohcv,six,181,mpfi,3.43,3.27,9.0,152,5200.0,13.823529411764707,22,14399.0,Medium,0,1,1,0
0,108,nissan,four,sedan,fwd,front,100.4,0.843926084253884,66.5,55.1,3060,ohcv,six,181,mpfi,3.43,3.27,9.0,152,5200.0,12.368421052631579,25,13499.0,Medium,0,1,1,0
3,194,nissan,two,hatchback,rwd,front,91.3,-0.28412151252964035,67.9,49.7,3071,ohcv,six,181,mpfi,3.43,3.27,9.0,160,5200.0,12.368421052631579,25,17199.0,Medium,0,1,1,0
3,194,nissan,two,hatchback,rwd,front,91.3,-0.28412151252964035,67.9,49.7,3139,ohcv,six,181,mpfi,3.43,3.27,7.8,200,5200.0,13.823529411764707,23,19699.0,High,0,1,0,1
1,231,nissan,two,hatchback,rwd,front,99.2,0.3488836137229854,67.9,49.7,3139,ohcv,six,181,mpfi,3.43,3.27,9.0,160,5200.0,12.368421052631579,25,18399.0,Medium,0,1,1,0
0,161,peugot,four,sedan,rwd,front,107.9,1.0143505413218974,68.4,56.7,3020,l,four,120,mpfi,3.46,3.19,8.4,97,5000.0,12.368421052631579,24,11900.0,Low,0,1,1,0
0,161,peugot,four,sedan,rwd,front,107.9,1.0143505413218974,68.4,56.7,3197,l,four,152,idi,3.7,3.52,21.0,95,4150.0,8.392857142857142,33,13200.0,Low,1,0,0,1
0,122,peugot,four,wagon,rwd,front,114.2,2.0044354823836965,68.4,58.7,3230,l,four,120,mpfi,3.46,3.19,8.4,97,5000.0,12.368421052631579,24,12440.0,Low,0,1,1,0
0,122,peugot,four,wagon,rwd,front,114.2,2.0044354823836965,68.4,58.7,3430,l,four,152,idi,3.7,3.52,21.0,95,4150.0,9.4,25,13860.0,Low,1,0,0,1
0,161,peugot,four,sedan,rwd,front,107.9,1.0143505413218974,68.4,56.7,3075,l,four,120,mpfi,3.46,2.19,8.4,95,5000.0,12.368421052631579,24,15580.0,Low,0,1,1,0
0,161,peugot,four,sedan,rwd,front,107.9,1.0143505413218974,68.4,56.7,3252,l,four,152,idi,3.7,3.52,21.0,95,4150.0,8.392857142857142,33,16900.0,Low,1,0,0,1
0,122,peugot,four,wagon,rwd,front,114.2,2.0044354823836965,68.4,56.7,3285,l,four,120,mpfi,3.46,2.19,8.4,95,5000.0,12.368421052631579,24,16695.0,Low,0,1,1,0
0,122,peugot,four,wagon,rwd,front,114.2,2.0044354823836965,68.4,58.7,3485,l,four,152,idi,3.7,3.52,21.0,95,4150.0,9.4,25,17075.0,Low,1,0,0,1
0,161,peugot,four,sedan,rwd,front,107.9,1.0143505413218974,68.4,56.7,3075,l,four,120,mpfi,3.46,3.19,8.4,97,5000.0,12.368421052631579,24,16630.0,Low,0,1,1,0
0,161,peugot,four,sedan,rwd,front,107.9,1.0143505413218974,68.4,56.7,3252,l,four,152,idi,3.7,3.52,21.0,95,4150.0,8.392857142857142,33,17950.0,Low,1,0,0,1
0,161,peugot,four,sedan,rwd,front,108.0,1.0143505413218974,68.3,56.0,3130,l,four,134,mpfi,3.61,3.21,7.0,142,5600.0,13.055555555555555,24,18150.0,Medium,0,1,0,1
1,119,plymouth,two,hatchback,fwd,front,93.7,-1.3715918576303014,63.8,50.8,1918,ohc,four,90,2bbl,2.97,3.23,9.4,68,5500.0,6.351351351351352,41,5572.0,Low,0,1,1,0
1,119,plymouth,two,hatchback,fwd,front,93.7,-1.3715918576303014,63.8,50.8,2128,ohc,four,98,spdi,3.03,3.39,7.6,102,5500.0,9.791666666666666,30,7957.0,Low,0,1,0,1
1,154,plymouth,four,hatchback,fwd,front,93.7,-1.3715918576303014,63.8,50.6,1967,ohc,four,90,2bbl,2.97,3.23,9.4,68,5500.0,7.580645161290323,38,6229.0,Low,0,1,1,0
1,154,plymouth,four,sedan,fwd,front,93.7,-0.5600468239730901,63.8,50.8,1989,ohc,four,90,2bbl,2.97,3.23,9.4,68,5500.0,7.580645161290323,38,6692.0,Low,0,1,1,0
1,154,plymouth,four,sedan,fwd,front,93.7,-0.5600468239730901,63.8,50.8,2191,ohc,four,98,2bbl,2.97,3.23,9.4,68,5500.0,7.580645161290323,38,7609.0,Low,0,1,1,0
-1,74,plymouth,four,wagon,fwd,front,103.3,0.03238105059667251,64.6,59.8,2535,ohc,four,122,2bbl,3.35,3.46,8.5,88,5000.0,9.791666666666666,30,8921.0,Low,0,1,1,0
3,122,plymouth,two,hatchback,rwd,front,95.9,-0.0812352541153382,66.3,50.2,2818,ohc,four,156,spdi,3.59,3.86,7.0,145,5000.0,12.368421052631579,24,12764.0,Medium,0,1,0,1
3,186,porsche,two,hatchback,rwd,front,94.5,-0.4301996185879377,68.3,50.2,2778,ohc,four,151,mpfi,3.94,3.11,9.5,143,5500.0,12.368421052631579,27,22018.0,Medium,0,1,1,0
3,122,porsche,two,hardtop,rwd,rear,89.5,-0.4301996185879377,65.0,51.6,2756,ohcf,six,194,mpfi,3.74,2.9,9.5,207,5900.0,13.823529411764707,25,32528.0,High,0,1,1,0
3,122,porsche,two,hardtop,rwd,rear,89.5,-0.4301996185879377,65.0,51.6,2756,ohcf,six,194,mpfi,3.74,2.9,9.5,207,5900.0,13.823529411764707,25,34028.0,High,0,1,1,0
3,122,porsche,two,convertible,rwd,rear,89.5,-0.4301996185879377,65.0,51.6,2800,ohcf,six,194,mpfi,3.74,2.9,9.5,207,5900.0,13.823529411764707,25,37028.0,High,0,1,1,0
0,122,renault,four,wagon,fwd,front,96.1,0.5923471238201482,66.5,55.2,2579,ohc,four,132,mpfi,3.46,3.9,8.7,104,5125.369458128079,10.217391304347826,31,9295.0,Low,0,1,1,0
2,122,renault,two,hatchback,fwd,front,96.1,0.21092095800126018,66.6,50.5,2460,ohc,four,132,mpfi,3.46,3.9,8.7,104,5125.369458128079,10.217391304347826,31,9895.0,Low,0,1,1,0
3,150,saab,two,hatchback,fwd,front,99.1,1.006235090985325,66.5,56.1,2658,ohc,four,121,mpfi,3.54,3.07,9.31,110,5250.0,11.19047619047619,28,11850.0,Low,0,1,1,0
2,104,saab,four,sedan,fwd,front,99.1,1.006235090985325,66.5,56.1,2695,ohc,four,121,mpfi,3.54,3.07,9.3,110,5250.0,11.19047619047619,28,12170.0,Low,0,1,1,0
3,150,saab,two,hatchback,fwd,front,99.1,1.006235090985325,66.5,56.1,2707,ohc,four,121,mpfi,2.54,2.07,9.3,110,5250.0,11.19047619047619,28,15040.0,Low,0,1,1,0
2,104,saab,four,sedan,fwd,front,99.1,1.006235090985325,66.5,56.1,2758,ohc,four,121,mpfi,3.54,3.07,9.3,110,5250.0,11.19047619047619,28,15510.0,Low,0,1,1,0
3,150,saab,two,hatchback,fwd,front,99.1,1.006235090985325,66.5,56.1,2808,dohc,four,121,mpfi,3.54,3.07,9.0,160,5500.0,12.368421052631579,26,18150.0,Medium,0,1,0,1
2,104,saab,four,sedan,fwd,front,99.1,1.006235090985325,66.5,56.1,2847,dohc,four,121,mpfi,3.54,3.07,9.0,160,5500.0,12.368421052631579,26,18620.0,Medium,0,1,0,1
2,83,subaru,two,hatchback,fwd,front,93.7,-1.4040536589765902,63.4,53.7,2050,ohcf,four,97,2bbl,3.62,2.36,9.0,69,4900.0,7.580645161290323,36,5118.0,Low,0,1,1,0
2,83,subaru,two,hatchback,fwd,front,93.7,-1.3228991556108698,63.6,53.7,2120,ohcf,four,108,2bbl,3.62,2.64,8.7,73,4400.0,9.038461538461538,31,7053.0,Low,0,1,1,0
2,83,subaru,two,hatchback,4wd,front,93.3,-1.3715918576303014,63.8,55.7,2240,ohcf,four,108,2bbl,3.62,2.64,8.7,73,4400.0,9.038461538461538,31,7603.0,Low,0,1,1,0
0,102,subaru,four,sedan,fwd,front,97.2,-0.1786206581542021,65.4,52.5,2145,ohcf,four,108,2bbl,3.62,2.64,9.5,82,4800.0,7.34375,37,7126.0,Low,0,1,1,0
0,102,subaru,four,sedan,fwd,front,97.2,-0.1786206581542021,65.4,52.5,2190,ohcf,four,108,2bbl,3.62,2.64,9.5,82,4400.0,8.392857142857142,33,7775.0,Low,0,1,1,0
0,102,subaru,four,sedan,fwd,front,97.2,-0.1786206581542021,65.4,52.5,2340,ohcf,four,108,mpfi,3.62,2.64,9.0,94,5200.0,9.038461538461538,32,9960.0,Low,0,1,1,0
0,102,subaru,four,sedan,4wd,front,97.0,-0.1786206581542021,65.4,54.3,2385,ohcf,four,108,2bbl,3.62,2.64,9.0,82,4800.0,9.791666666666666,25,9233.0,Low,0,1,1,0
0,102,subaru,four,sedan,4wd,front,97.0,-0.1786206581542021,65.4,54.3,2510,ohcf,four,108,mpfi,3.62,2.64,7.7,111,4800.0,9.791666666666666,29,11259.0,Low,0,1,0,1
0,89,subaru,four,wagon,fwd,front,97.0,-0.05688890310562042,65.4,53.0,2290,ohcf,four,108,2bbl,3.62,2.64,9.0,82,4800.0,8.392857142857142,32,7463.0,Low,0,1,1,0
0,89,subaru,four,wagon,fwd,front,97.0,-0.05688890310562042,65.4,53.0,2455,ohcf,four,108,mpfi,3.62,2.64,9.0,94,5200.0,9.4,31,10198.0,Low,0,1,1,0
0,85,subaru,four,wagon,4wd,front,96.9,-0.048773452769047924,65.4,54.9,2420,ohcf,four,108,2bbl,3.62,2.64,9.0,82,4800.0,10.217391304347826,29,8013.0,Low,0,1,1,0
0,85,subaru,four,wagon,4wd,front,96.9,-0.048773452769047924,65.4,54.9,2650,ohcf,four,108,mpfi,3.62,2.64,7.7,111,4800.0,10.217391304347826,23,11694.0,Low,0,1,0,1
1,87,toyota,two,hatchback,fwd,front,95.7,-1.2579755529182925,63.6,54.5,1985,ohc,four,92,2bbl,3.05,3.03,9.0,62,4800.0,6.714285714285714,39,5348.0,Low,0,1,1,0
1,87,toyota,two,hatchback,fwd,front,95.7,-1.2579755529182925,63.6,54.5,2040,ohc,four,92,2bbl,3.05,3.03,9.0,62,4800.0,7.580645161290323,38,6338.0,Low,0,1,1,0
1,74,toyota,four,hatchback,fwd,front,95.7,-1.2579755529182925,63.6,54.5,2015,ohc,four,92,2bbl,3.05,3.03,9.0,62,4800.0,7.580645161290323,38,6488.0,Low,0,1,1,0
0,77,toyota,four,wagon,fwd,front,95.7,-0.3652760158953608,63.6,59.1,2280,ohc,four,92,2bbl,3.05,3.03,9.0,62,4800.0,7.580645161290323,37,6918.0,Low,0,1,1,0
0,81,toyota,four,wagon,4wd,front,95.7,-0.3652760158953608,63.6,59.1,2290,ohc,four,92,2bbl,3.05,3.03,9.0,62,4800.0,8.703703703703704,32,7898.0,Low,0,1,1,0
0,91,toyota,four,wagon,4wd,front,95.7,-0.3652760158953608,63.6,59.1,3110,ohc,four,92,2bbl,3.05,3.03,9.0,62,4800.0,8.703703703703704,32,8778.0,Low,0,1,1,0
0,91,toyota,four,sedan,fwd,front,95.7,-0.6412013273388105,64.4,53.0,2081,ohc,four,98,2bbl,3.19,3.03,9.0,70,4800.0,7.833333333333333,37,6938.0,Low,0,1,1,0
0,91,toyota,four,hatchback,fwd,front,95.7,-0.6412013273388105,64.4,52.8,2109,ohc,four,98,2bbl,3.19,3.03,9.0,70,4800.0,7.833333333333333,37,7198.0,Low,0,1,1,0
0,91,toyota,four,sedan,fwd,front,95.7,-0.6412013273388105,64.4,53.0,2275,ohc,four,110,idi,3.27,3.35,22.5,56,4500.0,6.911764705882353,36,7898.0,Low,1,0,1,0
0,91,toyota,four,hatchback,fwd,front,95.7,-0.6412013273388105,64.4,52.8,2275,ohc,four,110,idi,3.27,3.35,22.5,56,4500.0,6.184210526315789,47,7788.0,Low,1,0,1,0
0,91,toyota,four,sedan,fwd,front,95.7,-0.6412013273388105,64.4,53.0,2094,ohc,four,98,2bbl,3.19,3.03,9.0,70,4800.0,6.184210526315789,47,7738.0,Low,0,1,1,0
0,91,toyota,four,hatchback,fwd,front,95.7,-0.6412013273388105,64.4,52.8,2122,ohc,four,98,2bbl,3.19,3.03,9.0,70,4800.0,8.392857142857142,34,8358.0,Low,0,1,1,0
0,91,toyota,four,sedan,fwd,front,95.7,-0.6412013273388105,64.4,52.8,2140,ohc,four,98,2bbl,3.19,3.03,9.0,70,4800.0,8.392857142857142,34,9258.0,Low,0,1,1,0
1,168,toyota,two,sedan,rwd,front,94.5,-0.446430519261083,64.0,52.6,2169,ohc,four,98,2bbl,3.19,3.03,9.0,70,4800.0,8.10344827586207,34,8058.0,Low,0,1,1,0
1,168,toyota,two,hatchback,rwd,front,94.5,-0.446430519261083,64.0,52.6,2204,ohc,four,98,2bbl,3.19,3.03,9.0,70,4800.0,8.10344827586207,34,8238.0,Low,0,1,1,0
1,168,toyota,two,sedan,rwd,front,94.5,-0.446430519261083,64.0,52.6,2265,dohc,four,98,mpfi,3.24,3.08,9.4,112,6600.0,9.038461538461538,29,9298.0,Low,0,1,1,0
1,168,toyota,two,hatchback,rwd,front,94.5,-0.446430519261083,64.0,52.6,2300,dohc,four,98,mpfi,3.24,3.08,9.4,112,6600.0,9.038461538461538,29,9538.0,Low,0,1,1,0
2,134,toyota,two,hardtop,rwd,front,98.4,0.1622282559818264,65.6,52.0,2540,ohc,four,146,mpfi,3.62,3.5,9.3,116,4800.0,9.791666666666666,30,8449.0,Low,0,1,1,0
2,134,toyota,two,hardtop,rwd,front,98.4,0.1622282559818264,65.6,52.0,2536,ohc,four,146,mpfi,3.62,3.5,9.3,116,4800.0,9.791666666666666,30,9639.0,Low,0,1,1,0
2,134,toyota,two,hatchback,rwd,front,98.4,0.1622282559818264,65.6,52.0,2551,ohc,four,146,mpfi,3.62,3.5,9.3,116,4800.0,9.791666666666666,30,9989.0,Low,0,1,1,0
2,134,toyota,two,hardtop,rwd,front,98.4,0.1622282559818264,65.6,52.0,2679,ohc,four,146,mpfi,3.62,3.5,9.3,116,4800.0,9.791666666666666,30,11199.0,Low,0,1,1,0
2,134,toyota,two,hatchback,rwd,front,98.4,0.1622282559818264,65.6,52.0,2714,ohc,four,146,mpfi,3.62,3.5,9.3,116,4800.0,9.791666666666666,30,11549.0,Low,0,1,1,0
2,134,toyota,two,convertible,rwd,front,98.4,0.1622282559818264,65.6,53.0,2975,ohc,four,146,mpfi,3.62,3.5,9.3,116,4800.0,9.791666666666666,30,17669.0,Low,0,1,1,0
-1,65,toyota,four,sedan,fwd,front,102.4,0.11353555396239264,66.5,54.9,2326,ohc,four,122,mpfi,3.31,3.54,8.7,92,4200.0,8.10344827586207,34,8948.0,Low,0,1,1,0
-1,65,toyota,four,sedan,fwd,front,102.4,0.11353555396239264,66.5,54.9,2480,ohc,four,110,idi,3.27,3.35,22.5,73,4500.0,7.833333333333333,33,10698.0,Low,1,0,0,1
-1,65,toyota,four,hatchback,fwd,front,102.4,0.11353555396239264,66.5,53.9,2414,ohc,four,122,mpfi,3.31,3.54,8.7,92,4200.0,8.703703703703704,32,9988.0,Low,0,1,1,0
-1,65,toyota,four,sedan,fwd,front,102.4,0.11353555396239264,66.5,54.9,2414,ohc,four,122,mpfi,3.31,3.54,8.7,92,4200.0,8.703703703703704,32,10898.0,Low,0,1,1,0
-1,65,toyota,four,hatchback,fwd,front,102.4,0.11353555396239264,66.5,53.9,2458,ohc,four,122,mpfi,3.31,3.54,8.7,92,4200.0,8.703703703703704,32,11248.0,Low,0,1,1,0
3,197,toyota,two,hatchback,rwd,front,102.9,0.7546561305515909,67.7,52.0,2976,dohc,six,171,mpfi,3.27,3.35,9.3,161,5200.0,11.75,24,16558.0,Medium,0,1,1,0
3,197,toyota,two,hatchback,rwd,front,102.9,0.7546561305515909,67.7,52.0,3016,dohc,six,171,mpfi,3.27,3.35,9.3,161,5200.0,12.368421052631579,24,15998.0,Medium,0,1,1,0
-1,90,toyota,four,sedan,rwd,front,104.5,1.1036204950241926,66.5,54.1,3131,dohc,six,171,mpfi,3.27,3.35,9.2,156,5200.0,11.75,24,15690.0,Medium,0,1,1,0
-1,122,toyota,four,wagon,rwd,front,104.5,1.1036204950241926,66.5,54.1,3151,dohc,six,161,mpfi,3.27,3.35,9.2,156,5200.0,12.368421052631579,24,15750.0,Medium,0,1,1,0
2,122,volkswagen,two,sedan,fwd,front,97.3,-0.2029670091639199,65.5,55.7,2261,ohc,four,97,idi,3.01,3.4,23.0,52,4800.0,6.351351351351352,46,7775.0,Low,1,0,1,0
2,122,volkswagen,two,sedan,fwd,front,97.3,-0.2029670091639199,65.5,55.7,2209,ohc,four,109,mpfi,3.19,3.4,9.0,85,5250.0,8.703703703703704,34,7975.0,Low,0,1,1,0
2,94,volkswagen,four,sedan,fwd,front,97.3,-0.2029670091639199,65.5,55.7,2264,ohc,four,97,idi,3.01,3.4,23.0,52,4800.0,6.351351351351352,46,7995.0,Low,1,0,1,0
2,94,volkswagen,four,sedan,fwd,front,97.3,-0.2029670091639199,65.5,55.7,2212,ohc,four,109,mpfi,3.19,3.4,9.0,85,5250.0,8.703703703703704,34,8195.0,Low,0,1,1,0
2,94,volkswagen,four,sedan,fwd,front,97.3,-0.2029670091639199,65.5,55.7,2275,ohc,four,109,mpfi,3.19,3.4,9.0,85,5250.0,8.703703703703704,34,8495.0,Low,0,1,1,0
2,94,volkswagen,four,sedan,fwd,front,97.3,-0.2029670091639199,65.5,55.7,2319,ohc,four,97,idi,3.01,3.4,23.0,68,4500.0,6.351351351351352,42,9495.0,Low,1,0,0,1
2,94,volkswagen,four,sedan,fwd,front,97.3,-0.2029670091639199,65.5,55.7,2300,ohc,four,109,mpfi,3.19,3.4,10.0,100,5500.0,9.038461538461538,32,9995.0,Low,0,1,1,0
3,122,volkswagen,two,convertible,fwd,front,94.5,-1.2092828508988591,64.2,55.6,2254,ohc,four,109,mpfi,3.19,3.4,8.5,90,5500.0,9.791666666666666,29,11595.0,Low,0,1,1,0
3,256,volkswagen,two,hatchback,fwd,front,94.5,-0.6898940293582462,64.0,51.4,2221,ohc,four,109,mpfi,3.19,3.4,8.5,90,5500.0,9.791666666666666,29,9980.0,Low,0,1,1,0
0,122,volkswagen,four,sedan,fwd,front,100.4,0.48684626944470993,66.9,55.1,2661,ohc,five,136,mpfi,3.19,3.4,8.5,110,5500.0,12.368421052631579,24,13295.0,Low,0,1,1,0
0,122,volkswagen,four,sedan,fwd,front,100.4,0.48684626944470993,66.9,55.1,2579,ohc,four,97,idi,3.01,3.4,23.0,68,4500.0,7.121212121212121,38,13845.0,Low,1,0,0,1
0,122,volkswagen,four,wagon,fwd,front,100.4,0.7221943292053027,66.9,55.1,2563,ohc,four,109,mpfi,3.19,3.4,9.0,88,5500.0,9.4,31,12290.0,Low,0,1,1,0
-2,103,volvo,four,sedan,rwd,front,104.3,1.1847749983899125,67.2,56.2,2912,ohc,four,141,mpfi,3.78,3.15,9.5,114,5400.0,10.217391304347826,28,12940.0,Low,0,1,1,0
-1,74,volvo,four,wagon,rwd,front,104.3,1.1847749983899125,67.2,57.5,3034,ohc,four,141,mpfi,3.78,3.15,9.5,114,5400.0,10.217391304347826,28,13415.0,Low,0,1,1,0
-2,103,volvo,four,sedan,rwd,front,104.3,1.1847749983899125,67.2,56.2,2935,ohc,four,141,mpfi,3.78,3.15,9.5,114,5400.0,9.791666666666666,28,15985.0,Low,0,1,1,0
-1,74,volvo,four,wagon,rwd,front,104.3,1.1847749983899125,67.2,57.5,3042,ohc,four,141,mpfi,3.78,3.15,9.5,114,5400.0,9.791666666666666,28,16515.0,Low,0,1,1,0
-2,103,volvo,four,sedan,rwd,front,104.3,1.1847749983899125,67.2,56.2,3045,ohc,four,130,mpfi,3.62,3.15,7.5,162,5100.0,13.823529411764707,22,18420.0,Medium,0,1,0,1
-1,74,volvo,four,wagon,rwd,front,104.3,1.1847749983899125,67.2,57.5,3157,ohc,four,130,mpfi,3.62,3.15,7.5,162,5100.0,13.823529411764707,22,18950.0,Medium,0,1,0,1
-1,95,volvo,four,sedan,rwd,front,109.1,1.1847749983899125,68.9,55.5,2952,ohc,four,141,mpfi,3.78,3.15,9.5,114,5400.0,10.217391304347826,28,16845.0,Low,0,1,1,0
-1,95,volvo,four,sedan,rwd,front,109.1,1.1847749983899125,68.8,55.5,3049,ohc,four,141,mpfi,3.78,3.15,8.7,160,5300.0,12.368421052631579,25,19045.0,Medium,0,1,0,1
-1,95,volvo,four,sedan,rwd,front,109.1,1.1847749983899125,68.9,55.5,3012,ohcv,six,173,mpfi,3.58,2.87,8.8,134,5500.0,13.055555555555555,23,21485.0,Medium,0,1,1,0
-1,95,volvo,four,sedan,rwd,front,109.1,1.1847749983899125,68.9,55.5,3217,ohc,six,145,idi,3.01,3.4,23.0,106,4800.0,9.038461538461538,27,22470.0,Low,1,0,0,1
-1,95,volvo,four,sedan,rwd,front,109.1,1.1847749983899125,68.9,55.5,3062,ohc,four,141,mpfi,3.78,3.15,9.5,114,5400.0,12.368421052631579,25,22625.0,Low,0,1,0,1
